                  epoch,         train/box_loss,         train/cls_loss,         train/dfl_loss,   metrics/precision(B),      metrics/recall(B),       metrics/mAP50(B),    metrics/mAP50-95(B),           val/box_loss,           val/cls_loss,           val/dfl_loss,                 lr/pg0,                 lr/pg1,                 lr/pg2
                      1,                 1.9206,                 1.9106,                 1.2351,                0.87245,                0.29897,                0.49841,                0.23909,                 1.8942,                 2.2381,                 1.2006,                0.00052,                0.00052,                0.00052
                      2,                 1.9263,                 1.1989,                 1.2795,                0.71631,                0.47389,                0.54625,                 0.2276,                 2.0726,                 1.6133,                 1.2759,               0.001053,               0.001053,               0.001053
